[
  {
    "name": "Afghanistan",
    "code": "AF"
  },
  {
    "name": "Albania",
    "code": "AL"
  },
  {
    "name": "Algeria",
    "code": "DZ"
  },
  {
    "name": "Andorra",
    "code": "AD"
  },
  {
    "name": "Angola",
    "code": "AO"
  },
  {
    "name": "Argentina",
    "code": "AR"
  },
  {
    "name": "Armenia",
    "code": "AM"
  },
  {
    "name": "Australia",
    "code": "AU"
  },
  {
    "name": "Austria",
    "code": "AT"
  },
  {
    "name": "Azerbaijan",
    "code": "AZ"
  },
  {
    "name": "Bahamas",
    "code": "BS"
  },
  {
    "name": "Bahrain",
    "code": "BH"
  },
  {
    "name": "Bangladesh",
    "code": "BD"
  },
  {
    "name": "Barbados",
    "code": "BB"
  },
  {
    "name": "Belarus",
    "code": "BY"
  },
  {
    "name": "Belgium",
    "code": "BE"
  },
  {
    "name": "Belize",
    "code": "BZ"
  },
  {
    "name": "Benin",
    "code": "BJ"
  },
  {
    "name": "Bhutan",
    "code": "BT"
  },
  {
    "name": "Bolivia",
    "code": "BO"
  },
  {
    "name": "Bosnia and Herzegovina",
    "code": "BA"
  },
  {
    "name": "Botswana",
    "code": "BW"
  },
  {
    "name": "Brazil",
    "code": "BR"
  },
  {
    "name": "Germany",
    "code": "DE",
    "states": [
      "Baden-Württemberg",
      "Bavaria",
      "Berlin",
      "Brandenburg",
      "Bremen",
      "Hamburg",
      "Hesse",
      "Lower Saxony",
      "Mecklenburg-Vorpommern",
      "North Rhine-Westphalia",
      "Rhineland-Palatinate",
      "Saarland",
      "Saxony",
      "Saxony-Anhalt",
      "Schleswig-Holstein",
      "Thuringia"
    ]
  },
  {
    "name": "Ghana",
    "code": "GH",
    "regions": [
      {
        "name": "Ahafo",
        "locations": ["Goaso", "Kukuom", "Mim", "Bechem", "Duayaw Nkwanta", "Hwidiem", "Acherensua", "Kwapong"]
      },
      {
        "name": "Ashanti",
        "locations": [
          "Kumasi", "Obuasi", "Ejisu", "Mampong", "Konongo", "Tafo", "Bekwai", "Juaso", "Fomena", 
          "Effiduase", "Agogo", "Kuntanase", "Manso Nkwanta", "Nyinahin", "Asokore Mampong", 
          "Adansi Asokwa", "New Edubiase", "Tepa", "Mankranso", "Jacobu", "Kwabre", "Offinso", 
          "Oforikrom", "Bosome Freho", "Asante Akim", "Kodie"
        ]
      },
      {
        "name": "Bono",
        "locations": ["Sunyani", "Berekum", "Wenchi", "Dormaa Ahenkro", "Odumase", "Nsawkaw", "Drobo", "Jaman", "Sampa", "Banda Ahenkro", "Nkrankwanta"]
      },
      {
        "name": "Bono East",
        "locations": ["Techiman", "Kintampo", "Nkoranza", "Atebubu", "Yeji", "Prang", "Kwame Danso", "Busunya", "Jema", "Kajaji"]
      },
      {
        "name": "Central",
        "locations": [
          "Cape Coast", "Winneba", "Elmina", "Dunkwa-on-Offin", "Swedru", "Apam", "Kasoa", 
          "Buduburam", "Anomabu", "Mankessim", "Saltpond", "Twifo Praso", "Assin Fosu", 
          "Abura Dunkwa", "Moree", "Ajumako", "Breman Asikuma", "Awutu Beraku"
        ]
      },
      {
        "name": "Eastern",
        "locations": [
          "Koforidua", "Nkawkaw", "Suhum", "Asamankese", "Nsawam", "Aburi", "Kibi", 
          "Somanya", "Akim Oda", "Begoro", "Akwatia", "Kade", "Asesewa", "Donkorkrom", 
          "Apedwa", "Mpraeso", "Abetifi", "Kwahu Tafo", "Anyinam"
        ]
      },
      {
        "name": "Greater Accra",
        "locations": [
          "Accra", "Tema", "Madina", "Adenta", "Ashaiman", "Teshie", "Nungua", "La", 
          "Labadi", "Spintex", "Dansoman", "Ablekuma", "Weija", "Kasoa", "Prampram", 
          "Dodowa", "Sege", "Ada Foah", "Kpone", "Oyibi", "Legon", "Achimota",
          "Airport Residential Area", "Sakumono", "Abosseyokai", "Nima", "Accra New Town"
        ]
      },
      {
        "name": "North East",
        "locations": ["Nalerigu", "Walewale", "Bunkpurugu", "Gambaga", "Yunyoo", "Chereponi", "Nasia"]
      },
      {
        "name": "Northern",
        "locations": [
          "Tamale", "Yendi", "Savelugu", "Gushegu", "Bimbilla", "Karaga", "Kpandai", 
          "Zabzugu", "Wulensi", "Tolon", "Kumbungu", "Mion", "Sang", "Sagnarigu"
        ]
      },
      {
        "name": "Oti",
        "locations": ["Dambai", "Jasikan", "Nkwanta", "Kadjebi", "Kete Krachi", "Chinderi", "Kpassa", "Biwak"]
      },
      {
        "name": "Savannah",
        "locations": ["Damongo", "Bole", "Salaga", "Sawla", "Daboya", "Buipe", "Yapei"]
      },
      {
        "name": "Upper East",
        "locations": ["Bolgatanga", "Bawku", "Navrongo", "Zebilla", "Paga", "Sandema", "Garu", "Tempane", "Fumbisi"]
      },
      {
        "name": "Upper West",
        "locations": ["Wa", "Tumu", "Nandom", "Lawra", "Jirapa", "Nadowli", "Funsi", "Lambussie", "Gwollu"]
      },
      {
        "name": "Volta",
        "locations": [
          "Ho", "Hohoe", "Keta", "Denu", "Kpando", "Aflao", "Anloga", "Dzodze", 
          "Akatsi", "Sogakope", "Adidome", "Peki", "Kpeve", "Have", "Battor"
        ]
      },
      {
        "name": "Western",
        "locations": [
          "Sekondi-Takoradi", "Tarkwa", "Axim", "Elubo", "Prestea", "Essiama", 
          "Shama", "Daboase", "Bogoso", "Nsuaem", "Wassa Akropong", "Samreboi"
        ]
      },
      {
        "name": "Western North",
        "locations": ["Sefwi Wiawso", "Bibiani", "Enchi", "Dadieso", "Juaboso", "Akontombra", "Bodi", "Adabokrom"]
      }
    ]
  },
  {
    "name": "Nigeria",
    "code": "NG"
  },
  {
    "name": "United States",
    "code": "US",
    "states": [
      "Alabama",
      "Alaska",
      "Arizona",
      "Arkansas",
      "California",
      "Colorado",
      "Connecticut",
      "Delaware",
      "Florida",
      "Georgia",
      "Hawaii",
      "Idaho",
      "Illinois",
      "Indiana",
      "Iowa",
      "Kansas",
      "Kentucky",
      "Louisiana",
      "Maine",
      "Maryland",
      "Massachusetts",
      "Michigan",
      "Minnesota",
      "Mississippi",
      "Missouri",
      "Montana",
      "Nebraska",
      "Nevada",
      "New Hampshire",
      "New Jersey",
      "New Mexico",
      "New York",
      "North Carolina",
      "North Dakota",
      "Ohio",
      "Oklahoma",
      "Oregon",
      "Pennsylvania",
      "Rhode Island",
      "South Carolina",
      "South Dakota",
      "Tennessee",
      "Texas",
      "Utah",
      "Vermont",
      "Virginia",
      "Washington",
      "West Virginia",
      "Wisconsin",
      "Wyoming",
      "District of Columbia"
    ]
  }
]